RECIPE,n,k,theta_min
RECIPE_0001,27762,19.433417662578055,2.7356152644855367
RECIPE_0002,27736,1.1656026997874658,83.29013035824478
RECIPE_0003,27772,3.1138596538892016,35.148887690932675
RECIPE_0004,14252,15.79536678976111,2.944449292856165
RECIPE_0005,27753,2.623101486140548,40.987511711093035
RECIPE_0006,14008,10.087736418654051,4.552974008316143
RECIPE_0008,6051,6.013702027826594,13.357129183640273
RECIPE_0009,6356,0.9635212960660384,88.4748151744745
RECIPE_0010,7988,3.2815921957730514,11.95735551768127
RECIPE_0011,4227,3.76347512422427,37.723582990588376
RECIPE_0012,33745,11.830024096419248,6.8779227735173825
RECIPE_0013,7979,1.3090070753301746,71.43492930480453
RECIPE_0014,7870,13.01682560043049,2.711076500285882
RECIPE_0015,25565,1.2383631984746521,54.579514744314835
RECIPE_0016,45224,7.711562979262549,7.575236173863292
RECIPE_0017,19372,17.268963614364964,2.431608824290019
RECIPE_0018,31358,2.978218032236825,14.02526493861571
RECIPE_0020,12077,1.609535120044615,52.91524874908578
RECIPE_0021,45220,5.868162890516581,13.314341590294818
RECIPE_0022,14075,6.9013480477545786,6.72696997764989
RECIPE_0023,44008,11.646923339129726,6.143935337082395
RECIPE_0024,16136,1.5667479267750808,32.857910250002654
RECIPE_0025,12128,2.615306656987352,8.654181876884335
RECIPE_0026,34195,5.556838028078196,5.741261399772115
RECIPE_0027,45840,25.394510276836417,3.014361082708883
RECIPE_0028,15770,31.903796569971863,2.4799204642937025
RECIPE_0029,27797,5.0102583286103,9.97266630346593
RECIPE_0030,11922,2.00140417894112,56.4008333154293
