RECIPE,score
RECIPE_0001,0.4388112998474933
RECIPE_0002,0.4138828992302937
RECIPE_0003,0.62164295119739
RECIPE_0004,0.3343331925565858
RECIPE_0005,0.22483421200598827
RECIPE_0006,0.2887794889300724
RECIPE_0008,0.21182920241788425
RECIPE_0009,0.3388693347411637
RECIPE_0010,0.1788824139955717
RECIPE_0011,0.20778313645568044
RECIPE_0012,0.6461986205240605
RECIPE_0013,0.287614100495074
RECIPE_0014,0.22140798933171013
RECIPE_0015,0.3041257505827322
RECIPE_0016,0.7107941395768199
RECIPE_0017,0.2972813338691594
RECIPE_0018,0.34017689579684185
RECIPE_0020,0.4340374949268748
RECIPE_0021,0.9367049511239502
RECIPE_0022,0.23068232776244385
RECIPE_0023,0.4980383952691669
RECIPE_0024,0.43819668018405145
RECIPE_0025,0.284587416013486
RECIPE_0026,0.3115379742362408
RECIPE_0027,1.0
RECIPE_0028,0.645873853985453
RECIPE_0029,0.33255245447239073
RECIPE_0030,0.23479086269848906
