WORKSHOP;MACHINE;lambda_breakdown_mean;mu_breakdown_mean
LITHOGRAPHY;MACHINE_0001;0.00110137905320693;3.5072139434963
LITHOGRAPHY;MACHINE_0002;0.00242276758675049;4.00627013242772
LITHOGRAPHY;MACHINE_0003;0.000209626952422491;2.30660341287974
LITHOGRAPHY;MACHINE_0004;0.00210202729450887;9.7538579970717
LITHOGRAPHY;MACHINE_0005;0.0048460390192275;14.2406953795885
LITHOGRAPHY;MACHINE_0006;0.000509868907527832;4.24068741921762
LITHOGRAPHY;MACHINE_0007;8.83057670219287e-05;1.47499357332886
LITHOGRAPHY;MACHINE_0008;0.00325761987300873;2.37386010191637
LITHOGRAPHY;MACHINE_0009;0.00144287647253533;2.62311190117326
LITHOGRAPHY;MACHINE_0010;0.00119303162471111;2.18217018108544
LITHOGRAPHY;MACHINE_0011;0.00636015627574167;8.27090683596871
LITHOGRAPHY;MACHINE_0012;0.00121591493023792;5.94459079088995
LITHOGRAPHY;MACHINE_0013;0.00207412068836739;0.953443761250207
LITHOGRAPHY;MACHINE_0014;0.00145649262759457;8.29462207842508
LITHOGRAPHY;MACHINE_0015;0.00248287144856576;7.36926317807423
LITHOGRAPHY;MACHINE_0016;0.00357187651232785;0.544908962283021
LITHOGRAPHY;MACHINE_0017;0.00130551681997994;3.48181834861354
LITHOGRAPHY;MACHINE_0018;0.000766526609966787;11.6060612746284
LITHOGRAPHY;MACHINE_0019;0.000269259924195563;13.1833520992676
LITHOGRAPHY;MACHINE_0020;0.00443090526736788;7.76572336902148
LITHOGRAPHY;MACHINE_0021;0.00299493553708191;6.19865595731569
LITHOGRAPHY;MACHINE_0022;0.00276125852430706;9.30914712863741
LITHOGRAPHY;MACHINE_0023;0.000433455725809436;8.15355294849634
LITHOGRAPHY;MACHINE_0024;0.00265440236469616;2.7492690560237
LITHOGRAPHY;MACHINE_0025;0.00246359914231726;4.75737482651745
LITHOGRAPHY;MACHINE_0026;0.0012546261917828;12.3230809620497
LITHOGRAPHY;MACHINE_0027;0.00084151129074906;7.26190139555276
LITHOGRAPHY;MACHINE_0028;0.000170857560700173;2.42253253929558
LITHOGRAPHY;MACHINE_0029;0.00144277339503477;1.31691405715302
LITHOGRAPHY;MACHINE_0030;0.00396522607091257;3.32772749812786
LITHOGRAPHY;MACHINE_0031;0.00264182553997084;10.5167103025119
LITHOGRAPHY;MACHINE_0032;0.00153125297496395;4.87305238854757
LITHOGRAPHY;MACHINE_0033;0.000494198644256056;3.81012639387208
LITHOGRAPHY;MACHINE_0034;0.0011219337980014;1.15153815384371
LITHOGRAPHY;MACHINE_0035;0.00490145056621256;2.5199708462854
LITHOGRAPHY;MACHINE_0036;0.00480539313839142;3.40353085764803
LITHOGRAPHY;MACHINE_0037;0.00745458187980362;10.3330984826674
LITHOGRAPHY;MACHINE_0038;0.00362220453171106;0.531079043044576
LITHOGRAPHY;MACHINE_0039;0.000164543207722261;9.46985220881419
LITHOGRAPHY;MACHINE_0040;0.000113756411068647;2.32155937566229
ETCHING;MACHINE_0041;0.000877010464152649;1.40081579768671
ETCHING;MACHINE_0042;0.000155949232472852;1.00202090959917
ETCHING;MACHINE_0043;0.00136723076891369;0.128505125031236
ETCHING;MACHINE_0044;0.0119010516838392;0.786300825359682
ETCHING;MACHINE_0045;0.00266685044308749;0.666645346882239
ETCHING;MACHINE_0046;1.40900892212231e-05;0.926908216105812
ETCHING;MACHINE_0047;0.00584275927495487;0.401968537500563
ETCHING;MACHINE_0048;0.00265337724675798;0.465428540110839
ETCHING;MACHINE_0049;5.04855831575025e-05;0.913655373448854
ETCHING;MACHINE_0050;0.00674719010384151;0.41081202948736
ETCHING;MACHINE_0051;0.000509044902884382;0.627055705196057
ETCHING;MACHINE_0052;0.00277129712840269;1.16386434416162
ETCHING;MACHINE_0053;0.00580921105121855;0.336303376658248
ETCHING;MACHINE_0054;0.00058723241199051;0.270240008699804
ETCHING;MACHINE_0055;0.00172209207417347;1.05480276411791
ETCHING;MACHINE_0056;0.000471461020379962;0.274347452875906
ETCHING;MACHINE_0057;0.00108783145884544;0.973214212590257
ETCHING;MACHINE_0058;0.00953721556171592;0.806658600456637
ETCHING;MACHINE_0059;0.00157338230947302;0.126995030494483
ETCHING;MACHINE_0060;0.000760675333359721;0.850562916743059
ETCHING;MACHINE_0061;0.00218046396589898;0.703199077021237
ETCHING;MACHINE_0062;0.00604096825664826;0.886719745894386
ETCHING;MACHINE_0063;0.000785709187284053;1.10153014779172
ETCHING;MACHINE_0064;0.000718361397424839;0.559871118394679
ETCHING;MACHINE_0065;0.00193471468597627;0.911002962526076
ETCHING;MACHINE_0066;0.000533545487158043;0.268239197248031
ETCHING;MACHINE_0067;0.00100531844689543;0.198663108436999
ETCHING;MACHINE_0068;0.0171474889026402;0.121403589115612
ETCHING;MACHINE_0069;0.0147714414414092;0.27124708356418
ETCHING;MACHINE_0070;0.000550361822291441;1.1202083168732
ETCHING;MACHINE_0071;0.00412840036878389;1.05712184554079
ETCHING;MACHINE_0072;0.00217428473066919;0.648282565355692
ETCHING;MACHINE_0073;0.00351717955680721;0.29260993421813
ETCHING;MACHINE_0074;0.00188382668948586;0.726385545911274
ETCHING;MACHINE_0075;0.00619199530493567;0.805032951489481
ETCHING;MACHINE_0076;0.000560402086236365;2.65950130924378
ETCHING;MACHINE_0077;0.00246905632730101;1.03722950002665
ETCHING;MACHINE_0078;0.00322323965059809;0.689794451574544
ETCHING;MACHINE_0079;0.00110056159568415;1.22121624860982
ETCHING;MACHINE_0080;0.00433055347902502;0.873134791168321
ETCHING;MACHINE_0081;0.00232615895791532;0.193284481628091
ETCHING;MACHINE_0082;0.00407335505268797;0.162720469920706
ETCHING;MACHINE_0083;0.00138491135910043;1.34881877362812
ETCHING;MACHINE_0084;0.00268805034902923;0.359081067585155
ETCHING;MACHINE_0085;0.00385530491280192;0.231508495454368
ETCHING;MACHINE_0086;0.00470804915873684;0.0776365149522488
ETCHING;MACHINE_0087;0.00411911952619276;0.703290721257164
ETCHING;MACHINE_0088;0.00112457134461294;0.373875328078155
ETCHING;MACHINE_0089;0.00318790603022215;0.531387948141912
ETCHING;MACHINE_0090;0.00877743411581676;1.03551380920916
ETCHING;MACHINE_0091;0.00222190090563875;0.543989045714804
ETCHING;MACHINE_0092;0.00281758429332315;0.531783822484717
ETCHING;MACHINE_0093;0.00151307060945398;0.6110987032528
ETCHING;MACHINE_0094;0.0109250847995733;0.828436062898069
ETCHING;MACHINE_0095;0.000359415554922386;0.235284620491134
ETCHING;MACHINE_0096;0.00138817738296265;1.07565694984022
ETCHING;MACHINE_0097;0.00773316578729348;0.738161101304748
ETCHING;MACHINE_0098;0.000524470185005363;0.550624283285286
ETCHING;MACHINE_0099;0.00749547132458781;1.03159248543091
ETCHING;MACHINE_0100;0.00742924457234374;0.801721805999234
IMPLEMENTATION;MACHINE_0101;0.00140159548745767;5.6305207412279
IMPLEMENTATION;MACHINE_0102;0.00428561350209379;4.78731243100932
IMPLEMENTATION;MACHINE_0103;0.00282934431184654;5.94649521072718
IMPLEMENTATION;MACHINE_0104;0.000798961877992497;1.73078978702922
IMPLEMENTATION;MACHINE_0105;0.0015167519736478;2.53145898334872
IMPLEMENTATION;MACHINE_0106;0.00196278347166863;1.86036500972521
IMPLEMENTATION;MACHINE_0107;0.00246667207013586;3.54975345653309
IMPLEMENTATION;MACHINE_0108;0.00417683291087585;3.18753927496251
IMPLEMENTATION;MACHINE_0109;0.00366557897945899;1.59394323228801
IMPLEMENTATION;MACHINE_0110;0.0053259653508015;2.98875373774841
IMPLEMENTATION;MACHINE_0111;0.00201112841846099;2.8780118933073
IMPLEMENTATION;MACHINE_0112;0.00340776997123695;1.78626998696794
IMPLEMENTATION;MACHINE_0113;0.000443886598478181;6.07284267481296
IMPLEMENTATION;MACHINE_0114;3.2054597969892e-05;3.50567389852824
IMPLEMENTATION;MACHINE_0115;0.00420267244086123;5.3802333006293
IMPLEMENTATION;MACHINE_0116;0.00146613777829191;1.25604877206237
IMPLEMENTATION;MACHINE_0117;0.00157306993354073;7.57788756639536
IMPLEMENTATION;MACHINE_0118;0.000414053441669574;2.63969909321581
IMPLEMENTATION;MACHINE_0119;2.72273927273882e-05;2.79661308451292
IMPLEMENTATION;MACHINE_0120;0.00031708527575543;3.03693000558123
IMPLEMENTATION;MACHINE_0121;0.000896708535565329;5.18684684115461
IMPLEMENTATION;MACHINE_0122;0.0013495786241231;1.39998792935174
IMPLEMENTATION;MACHINE_0123;6.36208320926434e-05;0.634243521853938
IMPLEMENTATION;MACHINE_0124;0.000315508673157351;1.27993605151871
IMPLEMENTATION;MACHINE_0125;0.00103742106730847;1.85414985551515
IMPLEMENTATION;MACHINE_0126;0.000271793876636023;1.41275502527122
IMPLEMENTATION;MACHINE_0127;0.000734502186132016;2.66279452962265
IMPLEMENTATION;MACHINE_0128;0.00377034544404586;1.56596922623278
IMPLEMENTATION;MACHINE_0129;0.00051061646854985;1.90401402590637
IMPLEMENTATION;MACHINE_0130;0.000590614144025181;1.57928012213087
