PRODUCT;OPERATION;WORKSHOP;RECIPE
PRODUCT_0001;OPERATION_0001;ETCHING;RECIPE_0061
PRODUCT_0001;OPERATION_0002;LITHOGRAPHY;RECIPE_0010
PRODUCT_0001;OPERATION_0003;ETCHING;RECIPE_0122
PRODUCT_0001;OPERATION_0004;IMPLEMENTATION;RECIPE_0197
PRODUCT_0001;OPERATION_0005;ETCHING;RECIPE_0061
PRODUCT_0001;OPERATION_0006;IMPLEMENTATION;RECIPE_0293
PRODUCT_0001;OPERATION_0007;LITHOGRAPHY;RECIPE_0027
PRODUCT_0001;OPERATION_0008;IMPLEMENTATION;RECIPE_0168
PRODUCT_0001;OPERATION_0009;ETCHING;RECIPE_0148
PRODUCT_0001;OPERATION_0010;ETCHING;RECIPE_0127
PRODUCT_0001;OPERATION_0011;IMPLEMENTATION;RECIPE_0167
PRODUCT_0001;OPERATION_0012;LITHOGRAPHY;RECIPE_0003
PRODUCT_0001;OPERATION_0013;IMPLEMENTATION;RECIPE_0192
PRODUCT_0001;OPERATION_0014;ETCHING;RECIPE_0084
PRODUCT_0001;OPERATION_0015;LITHOGRAPHY;RECIPE_0018
PRODUCT_0001;OPERATION_0016;LITHOGRAPHY;RECIPE_0027
PRODUCT_0001;OPERATION_0017;LITHOGRAPHY;RECIPE_0023
PRODUCT_0001;OPERATION_0018;LITHOGRAPHY;RECIPE_0013
PRODUCT_0001;OPERATION_0019;IMPLEMENTATION;RECIPE_0191
PRODUCT_0001;OPERATION_0020;IMPLEMENTATION;RECIPE_0198
PRODUCT_0001;OPERATION_0021;IMPLEMENTATION;RECIPE_0296
PRODUCT_0001;OPERATION_0022;IMPLEMENTATION;RECIPE_0322
PRODUCT_0001;OPERATION_0023;LITHOGRAPHY;RECIPE_0012
PRODUCT_0001;OPERATION_0024;ETCHING;RECIPE_0127
PRODUCT_0001;OPERATION_0025;IMPLEMENTATION;RECIPE_0244
PRODUCT_0001;OPERATION_0026;LITHOGRAPHY;RECIPE_0022
PRODUCT_0001;OPERATION_0027;ETCHING;RECIPE_0062
PRODUCT_0001;OPERATION_0028;IMPLEMENTATION;RECIPE_0327
PRODUCT_0001;OPERATION_0029;IMPLEMENTATION;RECIPE_0278
PRODUCT_0001;OPERATION_0030;LITHOGRAPHY;RECIPE_0029
PRODUCT_0001;OPERATION_0031;IMPLEMENTATION;RECIPE_0175
PRODUCT_0001;OPERATION_0032;ETCHING;RECIPE_0038
PRODUCT_0001;OPERATION_0033;LITHOGRAPHY;RECIPE_0021
PRODUCT_0001;OPERATION_0034;LITHOGRAPHY;RECIPE_0028
PRODUCT_0001;OPERATION_0035;ETCHING;RECIPE_0069
PRODUCT_0001;OPERATION_0036;ETCHING;RECIPE_0110
PRODUCT_0001;OPERATION_0037;IMPLEMENTATION;RECIPE_0254
PRODUCT_0001;OPERATION_0038;LITHOGRAPHY;RECIPE_0016
PRODUCT_0001;OPERATION_0039;LITHOGRAPHY;RECIPE_0005
PRODUCT_0001;OPERATION_0040;LITHOGRAPHY;RECIPE_0026
PRODUCT_0001;OPERATION_0041;LITHOGRAPHY;RECIPE_0021
PRODUCT_0001;OPERATION_0042;IMPLEMENTATION;RECIPE_0192
PRODUCT_0001;OPERATION_0043;IMPLEMENTATION;RECIPE_0317
PRODUCT_0001;OPERATION_0044;ETCHING;RECIPE_0034
PRODUCT_0001;OPERATION_0045;IMPLEMENTATION;RECIPE_0314
PRODUCT_0001;OPERATION_0046;ETCHING;RECIPE_0086
PRODUCT_0001;OPERATION_0047;ETCHING;RECIPE_0041
PRODUCT_0001;OPERATION_0048;ETCHING;RECIPE_0133
PRODUCT_0001;OPERATION_0049;ETCHING;RECIPE_0034
PRODUCT_0001;OPERATION_0050;IMPLEMENTATION;RECIPE_0314
PRODUCT_0001;OPERATION_0051;ETCHING;RECIPE_0120
PRODUCT_0001;OPERATION_0052;LITHOGRAPHY;RECIPE_0006
PRODUCT_0001;OPERATION_0053;ETCHING;RECIPE_0053
PRODUCT_0001;OPERATION_0054;IMPLEMENTATION;RECIPE_0158
PRODUCT_0001;OPERATION_0055;IMPLEMENTATION;RECIPE_0176
PRODUCT_0001;OPERATION_0056;IMPLEMENTATION;RECIPE_0260
PRODUCT_0001;OPERATION_0057;IMPLEMENTATION;RECIPE_0195
PRODUCT_0001;OPERATION_0058;LITHOGRAPHY;RECIPE_0023
PRODUCT_0001;OPERATION_0059;ETCHING;RECIPE_0123
PRODUCT_0001;OPERATION_0060;LITHOGRAPHY;RECIPE_0012
PRODUCT_0001;OPERATION_0061;LITHOGRAPHY;RECIPE_0012
PRODUCT_0001;OPERATION_0062;ETCHING;RECIPE_0123
PRODUCT_0001;OPERATION_0063;ETCHING;RECIPE_0056
PRODUCT_0001;OPERATION_0064;ETCHING;RECIPE_0046
PRODUCT_0001;OPERATION_0065;LITHOGRAPHY;RECIPE_0024
PRODUCT_0001;OPERATION_0066;LITHOGRAPHY;RECIPE_0023
PRODUCT_0001;OPERATION_0067;IMPLEMENTATION;RECIPE_0152
PRODUCT_0001;OPERATION_0068;ETCHING;RECIPE_0117
PRODUCT_0001;OPERATION_0069;LITHOGRAPHY;RECIPE_0016
PRODUCT_0002;OPERATION_0001;IMPLEMENTATION;RECIPE_0301
PRODUCT_0002;OPERATION_0002;LITHOGRAPHY;RECIPE_0022
PRODUCT_0002;OPERATION_0003;ETCHING;RECIPE_0067
PRODUCT_0002;OPERATION_0004;LITHOGRAPHY;RECIPE_0029
PRODUCT_0002;OPERATION_0005;LITHOGRAPHY;RECIPE_0002
PRODUCT_0002;OPERATION_0006;LITHOGRAPHY;RECIPE_0020
PRODUCT_0002;OPERATION_0007;LITHOGRAPHY;RECIPE_0024
PRODUCT_0002;OPERATION_0008;ETCHING;RECIPE_0115
PRODUCT_0002;OPERATION_0009;LITHOGRAPHY;RECIPE_0004
PRODUCT_0002;OPERATION_0010;ETCHING;RECIPE_0099
PRODUCT_0002;OPERATION_0011;IMPLEMENTATION;RECIPE_0165
PRODUCT_0002;OPERATION_0012;LITHOGRAPHY;RECIPE_0004
PRODUCT_0002;OPERATION_0013;LITHOGRAPHY;RECIPE_0012
PRODUCT_0002;OPERATION_0014;IMPLEMENTATION;RECIPE_0234
PRODUCT_0002;OPERATION_0015;IMPLEMENTATION;RECIPE_0289
PRODUCT_0002;OPERATION_0016;LITHOGRAPHY;RECIPE_0026
PRODUCT_0002;OPERATION_0017;IMPLEMENTATION;RECIPE_0198
PRODUCT_0002;OPERATION_0018;IMPLEMENTATION;RECIPE_0307
PRODUCT_0002;OPERATION_0019;ETCHING;RECIPE_0089
PRODUCT_0002;OPERATION_0020;IMPLEMENTATION;RECIPE_0293
PRODUCT_0002;OPERATION_0021;IMPLEMENTATION;RECIPE_0240
PRODUCT_0002;OPERATION_0022;ETCHING;RECIPE_0087
PRODUCT_0002;OPERATION_0023;IMPLEMENTATION;RECIPE_0177
PRODUCT_0002;OPERATION_0024;ETCHING;RECIPE_0132
PRODUCT_0002;OPERATION_0025;IMPLEMENTATION;RECIPE_0282
PRODUCT_0002;OPERATION_0026;LITHOGRAPHY;RECIPE_0020
PRODUCT_0002;OPERATION_0027;IMPLEMENTATION;RECIPE_0289
PRODUCT_0002;OPERATION_0028;LITHOGRAPHY;RECIPE_0005
PRODUCT_0002;OPERATION_0029;IMPLEMENTATION;RECIPE_0262
PRODUCT_0002;OPERATION_0030;IMPLEMENTATION;RECIPE_0270
PRODUCT_0002;OPERATION_0031;LITHOGRAPHY;RECIPE_0026
PRODUCT_0002;OPERATION_0032;IMPLEMENTATION;RECIPE_0283
PRODUCT_0002;OPERATION_0033;IMPLEMENTATION;RECIPE_0298
PRODUCT_0002;OPERATION_0034;LITHOGRAPHY;RECIPE_0023
PRODUCT_0002;OPERATION_0035;IMPLEMENTATION;RECIPE_0171
PRODUCT_0002;OPERATION_0036;IMPLEMENTATION;RECIPE_0314
PRODUCT_0002;OPERATION_0037;ETCHING;RECIPE_0050
PRODUCT_0002;OPERATION_0038;ETCHING;RECIPE_0066
PRODUCT_0002;OPERATION_0039;LITHOGRAPHY;RECIPE_0027
PRODUCT_0002;OPERATION_0040;IMPLEMENTATION;RECIPE_0205
PRODUCT_0002;OPERATION_0041;IMPLEMENTATION;RECIPE_0250
PRODUCT_0002;OPERATION_0042;IMPLEMENTATION;RECIPE_0177
PRODUCT_0002;OPERATION_0043;IMPLEMENTATION;RECIPE_0267
PRODUCT_0002;OPERATION_0044;ETCHING;RECIPE_0106
PRODUCT_0002;OPERATION_0045;LITHOGRAPHY;RECIPE_0003
PRODUCT_0002;OPERATION_0046;IMPLEMENTATION;RECIPE_0156
PRODUCT_0002;OPERATION_0047;ETCHING;RECIPE_0145
PRODUCT_0002;OPERATION_0048;ETCHING;RECIPE_0105
PRODUCT_0002;OPERATION_0049;LITHOGRAPHY;RECIPE_0005
PRODUCT_0002;OPERATION_0050;LITHOGRAPHY;RECIPE_0025
PRODUCT_0002;OPERATION_0051;LITHOGRAPHY;RECIPE_0024
PRODUCT_0002;OPERATION_0052;ETCHING;RECIPE_0119
PRODUCT_0002;OPERATION_0053;LITHOGRAPHY;RECIPE_0009
PRODUCT_0002;OPERATION_0054;IMPLEMENTATION;RECIPE_0284
PRODUCT_0002;OPERATION_0055;LITHOGRAPHY;RECIPE_0009
PRODUCT_0002;OPERATION_0056;ETCHING;RECIPE_0080
PRODUCT_0002;OPERATION_0057;LITHOGRAPHY;RECIPE_0023
PRODUCT_0002;OPERATION_0058;IMPLEMENTATION;RECIPE_0164
PRODUCT_0002;OPERATION_0059;ETCHING;RECIPE_0087
PRODUCT_0002;OPERATION_0060;LITHOGRAPHY;RECIPE_0011
PRODUCT_0002;OPERATION_0061;LITHOGRAPHY;RECIPE_0023
PRODUCT_0002;OPERATION_0062;LITHOGRAPHY;RECIPE_0025
PRODUCT_0002;OPERATION_0063;LITHOGRAPHY;RECIPE_0001
PRODUCT_0002;OPERATION_0064;ETCHING;RECIPE_0107
PRODUCT_0002;OPERATION_0065;IMPLEMENTATION;RECIPE_0224
PRODUCT_0002;OPERATION_0066;IMPLEMENTATION;RECIPE_0240
PRODUCT_0002;OPERATION_0067;ETCHING;RECIPE_0074
PRODUCT_0002;OPERATION_0068;IMPLEMENTATION;RECIPE_0255
PRODUCT_0002;OPERATION_0069;IMPLEMENTATION;RECIPE_0268
PRODUCT_0002;OPERATION_0070;ETCHING;RECIPE_0125
PRODUCT_0002;OPERATION_0071;ETCHING;RECIPE_0121
PRODUCT_0002;OPERATION_0072;ETCHING;RECIPE_0115
PRODUCT_0002;OPERATION_0073;LITHOGRAPHY;RECIPE_0008
PRODUCT_0002;OPERATION_0074;IMPLEMENTATION;RECIPE_0206
PRODUCT_0002;OPERATION_0075;LITHOGRAPHY;RECIPE_0016
PRODUCT_0002;OPERATION_0076;LITHOGRAPHY;RECIPE_0026
PRODUCT_0002;OPERATION_0077;LITHOGRAPHY;RECIPE_0026
PRODUCT_0002;OPERATION_0078;LITHOGRAPHY;RECIPE_0027
PRODUCT_0002;OPERATION_0079;ETCHING;RECIPE_0140
PRODUCT_0002;OPERATION_0080;LITHOGRAPHY;RECIPE_0027
PRODUCT_0002;OPERATION_0081;IMPLEMENTATION;RECIPE_0238
PRODUCT_0002;OPERATION_0082;LITHOGRAPHY;RECIPE_0001
PRODUCT_0002;OPERATION_0083;LITHOGRAPHY;RECIPE_0009
PRODUCT_0002;OPERATION_0084;IMPLEMENTATION;RECIPE_0328
PRODUCT_0002;OPERATION_0085;IMPLEMENTATION;RECIPE_0304
PRODUCT_0002;OPERATION_0086;IMPLEMENTATION;RECIPE_0190
PRODUCT_0002;OPERATION_0087;ETCHING;RECIPE_0097
PRODUCT_0002;OPERATION_0088;ETCHING;RECIPE_0128
PRODUCT_0002;OPERATION_0089;LITHOGRAPHY;RECIPE_0011
PRODUCT_0002;OPERATION_0090;LITHOGRAPHY;RECIPE_0030
PRODUCT_0002;OPERATION_0091;LITHOGRAPHY;RECIPE_0002
PRODUCT_0002;OPERATION_0092;IMPLEMENTATION;RECIPE_0287
PRODUCT_0002;OPERATION_0093;IMPLEMENTATION;RECIPE_0276
PRODUCT_0002;OPERATION_0094;IMPLEMENTATION;RECIPE_0202
PRODUCT_0002;OPERATION_0095;IMPLEMENTATION;RECIPE_0200
PRODUCT_0002;OPERATION_0096;ETCHING;RECIPE_0108
PRODUCT_0002;OPERATION_0097;LITHOGRAPHY;RECIPE_0030
PRODUCT_0002;OPERATION_0098;ETCHING;RECIPE_0065
PRODUCT_0002;OPERATION_0099;ETCHING;RECIPE_0075
PRODUCT_0002;OPERATION_0100;ETCHING;RECIPE_0106
PRODUCT_0002;OPERATION_0101;IMPLEMENTATION;RECIPE_0195
PRODUCT_0002;OPERATION_0102;ETCHING;RECIPE_0145
PRODUCT_0002;OPERATION_0103;ETCHING;RECIPE_0035
PRODUCT_0002;OPERATION_0104;LITHOGRAPHY;RECIPE_0004
PRODUCT_0002;OPERATION_0105;ETCHING;RECIPE_0111
PRODUCT_0002;OPERATION_0106;LITHOGRAPHY;RECIPE_0029
PRODUCT_0002;OPERATION_0107;IMPLEMENTATION;RECIPE_0238
PRODUCT_0002;OPERATION_0108;ETCHING;RECIPE_0130
PRODUCT_0002;OPERATION_0109;LITHOGRAPHY;RECIPE_0006
PRODUCT_0002;OPERATION_0110;IMPLEMENTATION;RECIPE_0227
PRODUCT_0002;OPERATION_0111;IMPLEMENTATION;RECIPE_0259
PRODUCT_0002;OPERATION_0112;LITHOGRAPHY;RECIPE_0026
PRODUCT_0002;OPERATION_0113;LITHOGRAPHY;RECIPE_0021
PRODUCT_0002;OPERATION_0114;IMPLEMENTATION;RECIPE_0266
PRODUCT_0002;OPERATION_0115;LITHOGRAPHY;RECIPE_0003
PRODUCT_0002;OPERATION_0116;ETCHING;RECIPE_0111
PRODUCT_0002;OPERATION_0117;IMPLEMENTATION;RECIPE_0179
PRODUCT_0002;OPERATION_0118;IMPLEMENTATION;RECIPE_0251
PRODUCT_0002;OPERATION_0119;ETCHING;RECIPE_0124
PRODUCT_0002;OPERATION_0120;LITHOGRAPHY;RECIPE_0023
PRODUCT_0002;OPERATION_0121;ETCHING;RECIPE_0050
PRODUCT_0002;OPERATION_0122;IMPLEMENTATION;RECIPE_0265
PRODUCT_0002;OPERATION_0123;LITHOGRAPHY;RECIPE_0015
PRODUCT_0003;OPERATION_0001;ETCHING;RECIPE_0099
PRODUCT_0003;OPERATION_0002;LITHOGRAPHY;RECIPE_0021
PRODUCT_0003;OPERATION_0003;LITHOGRAPHY;RECIPE_0001
PRODUCT_0003;OPERATION_0004;ETCHING;RECIPE_0054
PRODUCT_0003;OPERATION_0005;IMPLEMENTATION;RECIPE_0169
PRODUCT_0003;OPERATION_0006;IMPLEMENTATION;RECIPE_0200
PRODUCT_0003;OPERATION_0007;LITHOGRAPHY;RECIPE_0028
PRODUCT_0003;OPERATION_0008;ETCHING;RECIPE_0141
PRODUCT_0003;OPERATION_0009;LITHOGRAPHY;RECIPE_0015
PRODUCT_0003;OPERATION_0010;ETCHING;RECIPE_0130
PRODUCT_0003;OPERATION_0011;LITHOGRAPHY;RECIPE_0003
PRODUCT_0003;OPERATION_0012;LITHOGRAPHY;RECIPE_0020
PRODUCT_0003;OPERATION_0013;LITHOGRAPHY;RECIPE_0002
PRODUCT_0003;OPERATION_0014;ETCHING;RECIPE_0106
PRODUCT_0003;OPERATION_0015;ETCHING;RECIPE_0138
PRODUCT_0003;OPERATION_0016;LITHOGRAPHY;RECIPE_0001
PRODUCT_0003;OPERATION_0017;IMPLEMENTATION;RECIPE_0277
PRODUCT_0003;OPERATION_0018;IMPLEMENTATION;RECIPE_0192
PRODUCT_0003;OPERATION_0019;LITHOGRAPHY;RECIPE_0015
PRODUCT_0003;OPERATION_0020;ETCHING;RECIPE_0142
PRODUCT_0003;OPERATION_0021;ETCHING;RECIPE_0142
PRODUCT_0003;OPERATION_0022;LITHOGRAPHY;RECIPE_0005
PRODUCT_0003;OPERATION_0023;LITHOGRAPHY;RECIPE_0016
PRODUCT_0003;OPERATION_0024;ETCHING;RECIPE_0118
PRODUCT_0003;OPERATION_0025;IMPLEMENTATION;RECIPE_0228
PRODUCT_0003;OPERATION_0026;ETCHING;RECIPE_0107
PRODUCT_0003;OPERATION_0027;ETCHING;RECIPE_0084
PRODUCT_0003;OPERATION_0028;IMPLEMENTATION;RECIPE_0237
PRODUCT_0003;OPERATION_0029;LITHOGRAPHY;RECIPE_0003
PRODUCT_0003;OPERATION_0030;LITHOGRAPHY;RECIPE_0027
PRODUCT_0003;OPERATION_0031;ETCHING;RECIPE_0043
PRODUCT_0003;OPERATION_0032;LITHOGRAPHY;RECIPE_0016
PRODUCT_0003;OPERATION_0033;ETCHING;RECIPE_0070
PRODUCT_0003;OPERATION_0034;IMPLEMENTATION;RECIPE_0200
PRODUCT_0003;OPERATION_0035;ETCHING;RECIPE_0100
PRODUCT_0003;OPERATION_0036;ETCHING;RECIPE_0059
PRODUCT_0003;OPERATION_0037;ETCHING;RECIPE_0130
PRODUCT_0003;OPERATION_0038;IMPLEMENTATION;RECIPE_0206
PRODUCT_0003;OPERATION_0039;IMPLEMENTATION;RECIPE_0296
PRODUCT_0003;OPERATION_0040;LITHOGRAPHY;RECIPE_0002
PRODUCT_0003;OPERATION_0041;IMPLEMENTATION;RECIPE_0210
PRODUCT_0003;OPERATION_0042;LITHOGRAPHY;RECIPE_0005
PRODUCT_0003;OPERATION_0043;LITHOGRAPHY;RECIPE_0012
PRODUCT_0003;OPERATION_0044;LITHOGRAPHY;RECIPE_0023
PRODUCT_0003;OPERATION_0045;ETCHING;RECIPE_0083
PRODUCT_0003;OPERATION_0046;LITHOGRAPHY;RECIPE_0016
PRODUCT_0003;OPERATION_0047;ETCHING;RECIPE_0147
PRODUCT_0003;OPERATION_0048;IMPLEMENTATION;RECIPE_0249
PRODUCT_0003;OPERATION_0049;ETCHING;RECIPE_0055
PRODUCT_0003;OPERATION_0050;ETCHING;RECIPE_0063
PRODUCT_0003;OPERATION_0051;ETCHING;RECIPE_0084
PRODUCT_0003;OPERATION_0052;LITHOGRAPHY;RECIPE_0026
PRODUCT_0003;OPERATION_0053;ETCHING;RECIPE_0115
PRODUCT_0003;OPERATION_0054;IMPLEMENTATION;RECIPE_0275
PRODUCT_0003;OPERATION_0055;IMPLEMENTATION;RECIPE_0212
PRODUCT_0003;OPERATION_0056;IMPLEMENTATION;RECIPE_0247
PRODUCT_0003;OPERATION_0057;ETCHING;RECIPE_0110
PRODUCT_0003;OPERATION_0058;IMPLEMENTATION;RECIPE_0179
PRODUCT_0003;OPERATION_0059;ETCHING;RECIPE_0111
PRODUCT_0003;OPERATION_0060;LITHOGRAPHY;RECIPE_0018
PRODUCT_0003;OPERATION_0061;ETCHING;RECIPE_0098
PRODUCT_0003;OPERATION_0062;LITHOGRAPHY;RECIPE_0017
PRODUCT_0003;OPERATION_0063;LITHOGRAPHY;RECIPE_0018
PRODUCT_0003;OPERATION_0064;LITHOGRAPHY;RECIPE_0021
PRODUCT_0003;OPERATION_0065;ETCHING;RECIPE_0058
PRODUCT_0003;OPERATION_0066;LITHOGRAPHY;RECIPE_0017
PRODUCT_0003;OPERATION_0067;LITHOGRAPHY;RECIPE_0021
PRODUCT_0003;OPERATION_0068;LITHOGRAPHY;RECIPE_0029
PRODUCT_0003;OPERATION_0069;ETCHING;RECIPE_0048
PRODUCT_0003;OPERATION_0070;ETCHING;RECIPE_0146
PRODUCT_0003;OPERATION_0071;IMPLEMENTATION;RECIPE_0316
PRODUCT_0003;OPERATION_0072;IMPLEMENTATION;RECIPE_0327
PRODUCT_0003;OPERATION_0073;LITHOGRAPHY;RECIPE_0030
PRODUCT_0004;OPERATION_0001;LITHOGRAPHY;RECIPE_0026
PRODUCT_0004;OPERATION_0002;LITHOGRAPHY;RECIPE_0006
PRODUCT_0004;OPERATION_0003;ETCHING;RECIPE_0045
PRODUCT_0004;OPERATION_0004;ETCHING;RECIPE_0143
PRODUCT_0004;OPERATION_0005;LITHOGRAPHY;RECIPE_0015
PRODUCT_0004;OPERATION_0006;IMPLEMENTATION;RECIPE_0196
PRODUCT_0004;OPERATION_0007;ETCHING;RECIPE_0134
PRODUCT_0004;OPERATION_0008;ETCHING;RECIPE_0132
PRODUCT_0004;OPERATION_0009;IMPLEMENTATION;RECIPE_0279
PRODUCT_0004;OPERATION_0010;LITHOGRAPHY;RECIPE_0002
PRODUCT_0004;OPERATION_0011;IMPLEMENTATION;RECIPE_0275
PRODUCT_0004;OPERATION_0012;LITHOGRAPHY;RECIPE_0001
PRODUCT_0004;OPERATION_0013;ETCHING;RECIPE_0126
PRODUCT_0004;OPERATION_0014;IMPLEMENTATION;RECIPE_0190
PRODUCT_0004;OPERATION_0015;LITHOGRAPHY;RECIPE_0018
PRODUCT_0004;OPERATION_0016;ETCHING;RECIPE_0084
PRODUCT_0004;OPERATION_0017;ETCHING;RECIPE_0104
PRODUCT_0004;OPERATION_0018;IMPLEMENTATION;RECIPE_0220
PRODUCT_0004;OPERATION_0019;ETCHING;RECIPE_0092
PRODUCT_0004;OPERATION_0020;LITHOGRAPHY;RECIPE_0001
PRODUCT_0004;OPERATION_0021;LITHOGRAPHY;RECIPE_0002
PRODUCT_0004;OPERATION_0022;ETCHING;RECIPE_0143
PRODUCT_0004;OPERATION_0023;LITHOGRAPHY;RECIPE_0018
PRODUCT_0004;OPERATION_0024;ETCHING;RECIPE_0087
PRODUCT_0004;OPERATION_0025;ETCHING;RECIPE_0148
PRODUCT_0004;OPERATION_0026;IMPLEMENTATION;RECIPE_0287
PRODUCT_0004;OPERATION_0027;IMPLEMENTATION;RECIPE_0256
PRODUCT_0004;OPERATION_0028;ETCHING;RECIPE_0128
PRODUCT_0004;OPERATION_0029;ETCHING;RECIPE_0128
PRODUCT_0004;OPERATION_0030;IMPLEMENTATION;RECIPE_0206
PRODUCT_0004;OPERATION_0031;IMPLEMENTATION;RECIPE_0292
PRODUCT_0004;OPERATION_0032;ETCHING;RECIPE_0141
PRODUCT_0004;OPERATION_0033;LITHOGRAPHY;RECIPE_0027
PRODUCT_0004;OPERATION_0034;LITHOGRAPHY;RECIPE_0025
PRODUCT_0004;OPERATION_0035;LITHOGRAPHY;RECIPE_0021
PRODUCT_0004;OPERATION_0036;IMPLEMENTATION;RECIPE_0290
PRODUCT_0004;OPERATION_0037;IMPLEMENTATION;RECIPE_0181
PRODUCT_0004;OPERATION_0038;ETCHING;RECIPE_0095
PRODUCT_0004;OPERATION_0039;LITHOGRAPHY;RECIPE_0022
PRODUCT_0004;OPERATION_0040;LITHOGRAPHY;RECIPE_0027
PRODUCT_0004;OPERATION_0041;IMPLEMENTATION;RECIPE_0211
PRODUCT_0004;OPERATION_0042;IMPLEMENTATION;RECIPE_0329
PRODUCT_0004;OPERATION_0043;IMPLEMENTATION;RECIPE_0320
PRODUCT_0004;OPERATION_0044;IMPLEMENTATION;RECIPE_0218
PRODUCT_0004;OPERATION_0045;IMPLEMENTATION;RECIPE_0153
PRODUCT_0004;OPERATION_0046;ETCHING;RECIPE_0098
PRODUCT_0004;OPERATION_0047;IMPLEMENTATION;RECIPE_0255
PRODUCT_0004;OPERATION_0048;ETCHING;RECIPE_0115
PRODUCT_0004;OPERATION_0049;ETCHING;RECIPE_0050
PRODUCT_0004;OPERATION_0050;LITHOGRAPHY;RECIPE_0004
PRODUCT_0004;OPERATION_0051;ETCHING;RECIPE_0141
PRODUCT_0004;OPERATION_0052;ETCHING;RECIPE_0053
PRODUCT_0004;OPERATION_0053;ETCHING;RECIPE_0091
PRODUCT_0004;OPERATION_0054;ETCHING;RECIPE_0118
PRODUCT_0004;OPERATION_0055;IMPLEMENTATION;RECIPE_0160
PRODUCT_0004;OPERATION_0056;ETCHING;RECIPE_0115
PRODUCT_0004;OPERATION_0057;LITHOGRAPHY;RECIPE_0029
PRODUCT_0004;OPERATION_0058;ETCHING;RECIPE_0136
PRODUCT_0004;OPERATION_0059;LITHOGRAPHY;RECIPE_0023
PRODUCT_0004;OPERATION_0060;LITHOGRAPHY;RECIPE_0026
PRODUCT_0004;OPERATION_0061;LITHOGRAPHY;RECIPE_0014
PRODUCT_0004;OPERATION_0062;IMPLEMENTATION;RECIPE_0249
PRODUCT_0004;OPERATION_0063;LITHOGRAPHY;RECIPE_0008
PRODUCT_0004;OPERATION_0064;LITHOGRAPHY;RECIPE_0014
PRODUCT_0004;OPERATION_0065;IMPLEMENTATION;RECIPE_0274
PRODUCT_0004;OPERATION_0066;ETCHING;RECIPE_0108
PRODUCT_0004;OPERATION_0067;ETCHING;RECIPE_0054
PRODUCT_0004;OPERATION_0068;IMPLEMENTATION;RECIPE_0267
PRODUCT_0004;OPERATION_0069;ETCHING;RECIPE_0068
PRODUCT_0004;OPERATION_0070;IMPLEMENTATION;RECIPE_0180
PRODUCT_0004;OPERATION_0071;IMPLEMENTATION;RECIPE_0159
PRODUCT_0004;OPERATION_0072;IMPLEMENTATION;RECIPE_0206
PRODUCT_0004;OPERATION_0073;ETCHING;RECIPE_0053
PRODUCT_0004;OPERATION_0074;IMPLEMENTATION;RECIPE_0211
PRODUCT_0004;OPERATION_0075;LITHOGRAPHY;RECIPE_0004
PRODUCT_0004;OPERATION_0076;IMPLEMENTATION;RECIPE_0207
PRODUCT_0004;OPERATION_0077;IMPLEMENTATION;RECIPE_0212
PRODUCT_0004;OPERATION_0078;LITHOGRAPHY;RECIPE_0024
PRODUCT_0004;OPERATION_0079;ETCHING;RECIPE_0116
PRODUCT_0004;OPERATION_0080;LITHOGRAPHY;RECIPE_0017
PRODUCT_0004;OPERATION_0081;ETCHING;RECIPE_0124
PRODUCT_0004;OPERATION_0082;LITHOGRAPHY;RECIPE_0029
PRODUCT_0004;OPERATION_0083;LITHOGRAPHY;RECIPE_0025
PRODUCT_0004;OPERATION_0084;LITHOGRAPHY;RECIPE_0015
PRODUCT_0004;OPERATION_0085;LITHOGRAPHY;RECIPE_0027
PRODUCT_0004;OPERATION_0086;ETCHING;RECIPE_0049
PRODUCT_0004;OPERATION_0087;ETCHING;RECIPE_0114
PRODUCT_0004;OPERATION_0088;IMPLEMENTATION;RECIPE_0166
PRODUCT_0004;OPERATION_0089;IMPLEMENTATION;RECIPE_0250
PRODUCT_0004;OPERATION_0090;LITHOGRAPHY;RECIPE_0016
PRODUCT_0004;OPERATION_0091;ETCHING;RECIPE_0090
PRODUCT_0004;OPERATION_0092;IMPLEMENTATION;RECIPE_0229
PRODUCT_0004;OPERATION_0093;LITHOGRAPHY;RECIPE_0027
PRODUCT_0004;OPERATION_0094;IMPLEMENTATION;RECIPE_0174
PRODUCT_0004;OPERATION_0095;ETCHING;RECIPE_0059
PRODUCT_0004;OPERATION_0096;IMPLEMENTATION;RECIPE_0177
